dataset_id	containing_dataset_id
1419f08f554e0c93f3b62fe90c004066	3fffbefb34d749c629dc9d147b18e893
194149ed5273e3f94fc60a9ba58f7c24	3fffbefb34d749c629dc9d147b18e893
3a51534abc6e1a5ee6d9cc86c400a5a3	3a51534abc6e1a5ee6d9cc86c4007b56
3a51534abc6e1a5ee6d9cc86c400a91f	3a51534abc6e1a5ee6d9cc86c4007b56
3a51534abc6e1a5ee6d9cc86c400a91f	3a51534abc6e1a5ee6d9cc86c400a5a3
3a51534abc6e1a5ee6d9cc86c400ae72	3a51534abc6e1a5ee6d9cc86c4007b56
3a51534abc6e1a5ee6d9cc86c400ae72	3a51534abc6e1a5ee6d9cc86c400a5a3
3a51534abc6e1a5ee6d9cc86c400bc46	3a51534abc6e1a5ee6d9cc86c4007b56
3a51534abc6e1a5ee6d9cc86c400bc46	3a51534abc6e1a5ee6d9cc86c400a5a3
3a51534abc6e1a5ee6d9cc86c400c10e	3a51534abc6e1a5ee6d9cc86c4007b56
3a51534abc6e1a5ee6d9cc86c400c10e	3a51534abc6e1a5ee6d9cc86c400a5a3
3a51534abc6e1a5ee6d9cc86c400cf3b	3a51534abc6e1a5ee6d9cc86c4007b56
3a51534abc6e1a5ee6d9cc86c400cf3b	3a51534abc6e1a5ee6d9cc86c400a5a3
3a51534abc6e1a5ee6d9cc86c400d433	3a51534abc6e1a5ee6d9cc86c4007b56
3a51534abc6e1a5ee6d9cc86c400d433	3a51534abc6e1a5ee6d9cc86c400a5a3
3a51534abc6e1a5ee6d9cc86c400d4a4	3a51534abc6e1a5ee6d9cc86c4007b56
3a51534abc6e1a5ee6d9cc86c400d4a4	3a51534abc6e1a5ee6d9cc86c400a5a3
3a51534abc6e1a5ee6d9cc86c400dab1	3a51534abc6e1a5ee6d9cc86c4007b56
3a51534abc6e1a5ee6d9cc86c400dab1	3a51534abc6e1a5ee6d9cc86c400a5a3
3a51534abc6e1a5ee6d9cc86c400dc03	3a51534abc6e1a5ee6d9cc86c4007b56
3a51534abc6e1a5ee6d9cc86c400dc03	3a51534abc6e1a5ee6d9cc86c400a5a3
3a51534abc6e1a5ee6d9cc86c400dd31	3a51534abc6e1a5ee6d9cc86c4007b56
3a51534abc6e1a5ee6d9cc86c400dd31	3a51534abc6e1a5ee6d9cc86c400a5a3
3a51534abc6e1a5ee6d9cc86c400f8de	3a51534abc6e1a5ee6d9cc86c4007b56
3a51534abc6e1a5ee6d9cc86c400f8de	3a51534abc6e1a5ee6d9cc86c400a5a3
3a51534abc6e1a5ee6d9cc86c4010465	3a51534abc6e1a5ee6d9cc86c4007b56
3a51534abc6e1a5ee6d9cc86c4010465	3a51534abc6e1a5ee6d9cc86c400a5a3
3a51534abc6e1a5ee6d9cc86c4010491	3a51534abc6e1a5ee6d9cc86c4007b56
3a51534abc6e1a5ee6d9cc86c4010491	3a51534abc6e1a5ee6d9cc86c400a5a3
3a51534abc6e1a5ee6d9cc86c4012a6b	3a51534abc6e1a5ee6d9cc86c4007b56
3a51534abc6e1a5ee6d9cc86c4012a6b	3a51534abc6e1a5ee6d9cc86c400a5a3
3a51534abc6e1a5ee6d9cc86c4012e3d	3a51534abc6e1a5ee6d9cc86c4007b56
3a51534abc6e1a5ee6d9cc86c4012e3d	3a51534abc6e1a5ee6d9cc86c400a5a3
88af6472fb03642dd5eaf8cddcbf64a5	3fffbefb34d749c629dc9d147b18e893
faab18e1a137731cffda882560000173	3a51534abc6e1a5ee6d9cc86c4007b56
