dataset_id	data_event_id
faab18e1a137731cffda882560000173	data_event.00033945
faab18e1a137731cffda882560000173	data_event.00035453
faab18e1a137731cffda882560000173	data_event.00035792
faab18e1a137731cffda882560000173	data_event.00038856
faab18e1a137731cffda882560000173	data_event.00038976
faab18e1a137731cffda882560000173	data_event.00039100
faab18e1a137731cffda882560000173	data_event.00039175
faab18e1a137731cffda882560000173	data_event.00039487
faab18e1a137731cffda882560000173	data_event.00040247
faab18e1a137731cffda882560000173	data_event.00040989
faab18e1a137731cffda882560000173	data_event.00041367
faab18e1a137731cffda882560000173	data_event.00046802
faab18e1a137731cffda882560000173	data_event.00047658
faab18e1a137731cffda882560000173	data_event.00047901
faab18e1a137731cffda882560000173	data_event.00048265
faab18e1a137731cffda882560000173	data_event.00049195
faab18e1a137731cffda882560000173	data_event.00049862
faab18e1a137731cffda882560000173	data_event.00049970
faab18e1a137731cffda882560000173	data_event.00051298
faab18e1a137731cffda882560000173	data_event.00051766
faab18e1a137731cffda882560000173	data_event.00051885
faab18e1a137731cffda882560000173	data_event.00052862
faab18e1a137731cffda882560000173	data_event.00053362
faab18e1a137731cffda882560000173	data_event.00055956
faab18e1a137731cffda882560000173	data_event.00056845
faab18e1a137731cffda882560000173	data_event.00057009
faab18e1a137731cffda882560000173	data_event.00059738
faab18e1a137731cffda882560000173	data_event.00061692
faab18e1a137731cffda882560000173	data_event.00064017
faab18e1a137731cffda882560000173	data_event.00066934
faab18e1a137731cffda882560000173	data_event.00067262
faab18e1a137731cffda882560000173	data_event.00067366
faab18e1a137731cffda882560000173	data_event.00070269
faab18e1a137731cffda882560000173	data_event.00071315
